title,summary,name,links
Internal Audit Plan,List of internal audits planned by year.,Internal Audit Plan 2022-23,https://fsa-catalogue2.s3.eu-west-2.amazonaws.com/AnnualAuditAssurancePlan2022-23.csv
Internal Audit Plan,List of internal audits planned by year.,Internal Audit Plan,https://fsa-catalogue2.s3.eu-west-2.amazonaws.com/AnnualAuditAssurancePlan2022-23.csv
Internal Audit Plan,List of internal audits planned by year.,Internal Audit Plan 2023-24,https://fsa-catalogue2.s3.eu-west-2.amazonaws.com/InternalAuditPlan2324.csv
Internal Audit Plan,List of internal audits planned by year.,Internal Audit Plan 2016-2017,https://fsadata.github.io/internal-audit-plan/data/internal-audit-plan-2016-2017.csv
Internal Audit Plan,List of internal audits planned by year.,Internal Audit Plan 2017-2018,https://fsadata.github.io/internal-audit-plan/data/internal-audit-plan-2017-18.csv
Internal Audit Plan,List of internal audits planned by year.,Internal Audit Plan 2015-2016,https://fsadata.github.io/internal-audit-plan/data/internal-audit-plan-2015-2016.csv
Internal Audit Plan,List of internal audits planned by year.,Internal Audit Plan 2018-2019,https://fsadata.github.io/internal-audit-plan/data/internal-audit-plan-2018-19.csv
Internal Audit Plan,List of internal audits planned by year.,Internal Audit Plan 2021-22,https://fsadata.github.io/internal-audit-plan/data/internal-audit-plan-2021-22.csv
Internal Audit Plan,List of internal audits planned by year.,Internal Audit Plan 2019-20,https://fsadata.github.io/internal-audit-plan/data/internal-audit-plan-2019-20.csv
Internal Audit Plan,List of internal audits planned by year.,Internal Audit Plan 2024-25,https://fsaopendata.blob.core.windows.net/opendatacatalog/InternalAuditPlan2024-25.xlsx
